{
  "auc": 0.8548477295241756,
  "accuracy": 0.8035914702581369,
  "precision": 0.7702265372168284,
  "recall": 0.695906432748538,
  "f1": 0.7311827956989246
}